{
  "test1_max_dev_from_alpha_over_2": 0.002111769646146344,
  "test2a": {
    "2": {
      "analytic": 4.949489742783178,
      "gamma_dot": 4.952,
      "rel_err": 0.0005071749508082661
    },
    "3": {
      "analytic": 6.964101615137754,
      "gamma_dot": 6.967,
      "rel_err": 0.00041618934105514476
    },
    "4": {
      "analytic": 8.97213595499958,
      "gamma_dot": 8.975,
      "rel_err": 0.000319215515099734
    }
  },
  "test2b": {
    "init_rate": 5.0,
    "finite_T": {
      "0.05": 5.1,
      "0.2": 5.2,
      "0.4": 5.2
    }
  }
}